PARLAMENTAR;PARTIDO;ESTADO;POSI플O_BLOCO;ESPECTRO;REGI홒;SEXO;SENIORIDADE;VOTO
ALAN RICK;DEM;ACRE;GOVERNO;DIREITA;NORTE;MASCULINO;REELEITO;NAO
DRA. VANDA MILANI;Solidaried;ACRE;GOVERNO;CENTRO;NORTE;FEMININO;NOVATO;ABSTENCAO
FLAVIANO MELO;MDB;ACRE;GOVERNO;CENTRO;NORTE;MASCULINO;REELEITO;ABSTENCAO
JESSICA SALES;MDB;ACRE;GOVERNO;CENTRO;NORTE;FEMININO;REELEITO;SIM
JESUS SERGIO;PDT;ACRE;OPOSI플O;ESQUERDA;NORTE;MASCULINO;NOVATO;NAO
MANUEL MARCOS;REPUBLICAN;ACRE;GOVERNO;DIREITA;NORTE;MASCULINO;NOVATO;ABSTENCAO
MARA ROCHA;PSDB;ACRE;GOVERNO;CENTRO;NORTE;FEMININO;NOVATO;NAO
PERPETUA ALMEIDA;PCdoB;ACRE;OPOSI플O;ESQUERDA;NORTE;FEMININO;RETORNO;ABSTENCAO
ARTHUR LIRA;PP;ALAGOAS;GOVERNO;DIREITA;NORDESTE;MASCULINO;REELEITO;SIM
ISNALDO BULHOES JR.;MDB;ALAGOAS;GOVERNO;CENTRO;NORDESTE;MASCULINO;NOVATO;SIM
JHC;PSB;ALAGOAS;OPOSI플O;ESQUERDA;NORDESTE;MASCULINO;REELEITO;NAO
MARX BELTRAO;PSD;ALAGOAS;GOVERNO;DIREITA;NORDESTE;MASCULINO;REELEITO;SIM
NIVALDO ALBUQUERQUE;PTB;ALAGOAS;GOVERNO;DIREITA;NORDESTE;MASCULINO;NOVATO;SIM
PAULAO;PT;ALAGOAS;OPOSI플O;ESQUERDA;NORDESTE;MASCULINO;REELEITO;SIM
SERGIO TOLEDO;PL;ALAGOAS;GOVERNO;DIREITA;NORDESTE;MASCULINO;NOVATO;SIM
SEVERINO PESSOA;Republican;ALAGOAS;GOVERNO;DIREITA;NORDESTE;MASCULINO;NOVATO;SIM
TEREZA NELMA;PSDB;ALAGOAS;GOVERNO;CENTRO;NORDESTE;FEMININO;REELEITO;ABSTENCAO
ACACIO FAVACHO;PROS;AMAPA;OPOSI플O;CENTRO;NORTE;MASCULINO;NOVATO;SIM
ALINE GURGEL;Republican;AMAPA;GOVERNO;DIREITA;NORTE;FEMININO;NOVATO;SIM
ANDRE ABDON;PP;AMAPA;GOVERNO;DIREITA;NORTE;MASCULINO;REELEITO;SIM
CAMILO CAPIBERIBE;PSB;AMAPA;OPOSI플O;ESQUERDA;NORTE;MASCULINO;NOVATO;SIM
LEDA SADALA;Avante;AMAPA;GOVERNO;CENTRO;NORTE;FEMININO;NOVATO;ABSTENCAO
LUIZ CARLOS;PSDB;AMAPA;GOVERNO;CENTRO;NORTE;MASCULINO;RETORNO;ABSTENCAO
PATRICIA FERRAZ;PL;AMAPA;GOVERNO;DIREITA;NORTE;FEMININO;NOVATO;NAO
PROFESSORA MARCIVANIA;PCdoB;AMAPA;OPOSI플O;ESQUERDA;NORTE;FEMININO;REELEITO;ABSTENCAO
ATILA LINS;PP;AMAZONAS;GOVERNO;DIREITA;NORTE;MASCULINO;REELEITO;SIM
BOSCO SARAIVA;Solidaried;AMAZONAS;GOVERNO;CENTRO;NORTE;MASCULINO;NOVATO;SIM
CAPITAO ALBERTO NETO;REPUBLICAN;AMAZONAS;GOVERNO;DIREITA;NORTE;MASCULINO;NOVATO;ABSTENCAO
DELEGADO PABLO;PSL;AMAZONAS;GOVERNO;DIREITA;NORTE;MASCULINO;NOVATO;NAO
JOSE RICARDO;PT;AMAZONAS;OPOSI플O;ESQUERDA;NORTE;MASCULINO;NOVATO;SIM
MARCELO RAMOS;PL;AMAZONAS;GOVERNO;DIREITA;NORTE;MASCULINO;NOVATO;SIM
SIDNEY LEITE;PSD;AMAZONAS;GOVERNO;DIREITA;NORTE;MASCULINO;NOVATO;ABSTENCAO
SILAS CAMARA;REPUBLICAN;AMAZONAS;GOVERNO;DIREITA;NORTE;MASCULINO;REELEITO;ABSTENCAO
ABILIO SANTANA;PL;BAHIA;GOVERNO;DIREITA;NORDESTE;MASCULINO;NOVATO;SIM
ADOLFO VIANA;PSDB;BAHIA;GOVERNO;CENTRO;NORDESTE;MASCULINO;NOVATO;SIM
AFONSO FLORENCE;PT;BAHIA;OPOSI플O;ESQUERDA;NORDESTE;MASCULINO;REELEITO;SIM
ALEX SANTANA;PDT;BAHIA;OPOSI플O;ESQUERDA;NORDESTE;MASCULINO;NOVATO;SIM
ALICE PORTUGAL;PCdoB;BAHIA;OPOSI플O;ESQUERDA;NORDESTE;FEMININO;REELEITO;ABSTENCAO
ANTONIO BRITO;PSD;BAHIA;GOVERNO;DIREITA;NORDESTE;MASCULINO;REELEITO;ABSTENCAO
ARTHUR OLIVEIRA MAIA;DEM;BAHIA;GOVERNO;DIREITA;NORDESTE;MASCULINO;REELEITO;ABSTENCAO
BACELAR;Podemos;BAHIA;GOVERNO;DIREITA;NORDESTE;MASCULINO;REELEITO;ABSTENCAO
CACA LEAO;PP;BAHIA;GOVERNO;DIREITA;NORDESTE;MASCULINO;REELEITO;SIM
CHARLES FERNANDES;PSD;BAHIA;GOVERNO;DIREITA;NORDESTE;MASCULINO;REELEITO;ABSTENCAO
CLAUDIO CAJADO;PP;BAHIA;GOVERNO;DIREITA;NORDESTE;MASCULINO;REELEITO;SIM
DANIEL ALMEIDA;PCdoB;BAHIA;OPOSI플O;ESQUERDA;NORDESTE;MASCULINO;REELEITO;SIM
ELMAR NASCIMENTO;DEM;BAHIA;GOVERNO;DIREITA;NORDESTE;MASCULINO;REELEITO;SIM
FELIX MENDONCA JUNIOR;PDT;BAHIA;OPOSI플O;ESQUERDA;NORDESTE;MASCULINO;REELEITO;SIM
IGOR KANNARIO;DEM;BAHIA;GOVERNO;DIREITA;NORDESTE;MASCULINO;NOVATO;ABSTENCAO
JOAO CARLOS BACELAR;PL;BAHIA;GOVERNO;DIREITA;NORDESTE;MASCULINO;REELEITO;SIM
JOAO ROMA;Republican;BAHIA;GOVERNO;DIREITA;NORDESTE;MASCULINO;NOVATO;SIM
JORGE SOLLA;PT;BAHIA;OPOSI플O;ESQUERDA;NORDESTE;MASCULINO;REELEITO;SIM
JOSE NUNES;PSD;BAHIA;GOVERNO;DIREITA;NORDESTE;MASCULINO;REELEITO;SIM
JOSE ROCHA;PL;BAHIA;GOVERNO;DIREITA;NORDESTE;MASCULINO;REELEITO;SIM
JOSEILDO RAMOS;PT;BAHIA;OPOSI플O;ESQUERDA;NORDESTE;MASCULINO;REELEITO;SIM
LEUR LOMANTO JUNIOR;DEM;BAHIA;GOVERNO;DIREITA;NORDESTE;MASCULINO;NOVATO;SIM
LIDICE DA MATA;PSB;BAHIA;OPOSI플O;ESQUERDA;NORDESTE;FEMININO;RETORNO;SIM
MARCELO NILO;PSB;BAHIA;OPOSI플O;ESQUERDA;NORDESTE;MASCULINO;NOVATO;SIM
MARCIO MARINHO;Republican;BAHIA;GOVERNO;DIREITA;NORDESTE;MASCULINO;REELEITO;SIM
MARIO NEGROMONTE JR.;PP;BAHIA;GOVERNO;DIREITA;NORDESTE;MASCULINO;REELEITO;SIM
OTTO ALENCAR FILHO;PSD;BAHIA;GOVERNO;DIREITA;NORDESTE;MASCULINO;NOVATO;SIM
PASTOR SARGENTO ISIDORIO;Avante;BAHIA;GOVERNO;CENTRO;NORDESTE;MASCULINO;NOVATO;SIM
PAULO AZI;DEM;BAHIA;GOVERNO;DIREITA;NORDESTE;MASCULINO;REELEITO;SIM
PAULO MAGALHAES;PSD;BAHIA;GOVERNO;DIREITA;NORDESTE;MASCULINO;REELEITO;SIM
PROFESSORA DAYANE PIMENTEL;PSL;BAHIA;GOVERNO;DIREITA;NORDESTE;FEMININO;NOVATO;NAO
RAIMUNDO COSTA;PL;BAHIA;GOVERNO;DIREITA;NORDESTE;MASCULINO;NOVATO;SIM
RONALDO CARLETTO;PP;BAHIA;GOVERNO;DIREITA;NORDESTE;MASCULINO;REELEITO;SIM
SERGIO BRITO;PSD;BAHIA;GOVERNO;DIREITA;NORDESTE;MASCULINO;REELEITO;ABSTENCAO
TITO;Avante;BAHIA;GOVERNO;CENTRO;NORDESTE;MASCULINO;NOVATO;NAO
ULDURICO JUNIOR;PROS;BAHIA;OPOSI플O;CENTRO;NORDESTE;MASCULINO;REELEITO;ABSTENCAO
VALMIR ASSUNCAO;PT;BAHIA;OPOSI플O;ESQUERDA;NORDESTE;MASCULINO;REELEITO;SIM
WALDENOR PEREIRA;PT;BAHIA;OPOSI플O;ESQUERDA;NORDESTE;MASCULINO;REELEITO;SIM
ZE NETO;PT;BAHIA;OPOSI플O;ESQUERDA;NORDESTE;MASCULINO;NOVATO;SIM
AJ ALBUQUERQUE;PP;CEARA;GOVERNO;DIREITA;NORDESTE;MASCULINO;NOVATO;SIM
ANDRE FIGUEIREDO;PDT;CEARA;OPOSI플O;ESQUERDA;NORDESTE;MASCULINO;REELEITO;SIM
CAPITAO WAGNER;PROS;CEARA;OPOSI플O;CENTRO;NORDESTE;MASCULINO;NOVATO;NAO
CELIO STUDART;PV;CEARA;OPOSI플O;ESQUERDA;NORDESTE;MASCULINO;NOVATO;NAO
DENIS BEZERRA;PSB;CEARA;OPOSI플O;ESQUERDA;NORDESTE;MASCULINO;NOVATO;SIM
DOMINGOS NETO;PSD;CEARA;GOVERNO;DIREITA;NORDESTE;MASCULINO;REELEITO;SIM
DR. JAZIEL;PL;CEARA;GOVERNO;DIREITA;NORDESTE;MASCULINO;NOVATO;NAO
EDUARDO BISMARCK;PDT;CEARA;OPOSI플O;ESQUERDA;NORDESTE;MASCULINO;NOVATO;ABSTENCAO
GENECIAS NORONHA;Solidaried;CEARA;GOVERNO;CENTRO;NORDESTE;MASCULINO;REELEITO;ABSTENCAO
HEITOR FREIRE;PSL;CEARA;GOVERNO;DIREITA;NORDESTE;MASCULINO;NOVATO;NAO
IDILVAN ALENCAR;PDT;CEARA;OPOSI플O;ESQUERDA;NORDESTE;MASCULINO;NOVATO;NAO
JOSE AIRTON CIRILO;PT;CEARA;OPOSI플O;ESQUERDA;NORDESTE;MASCULINO;REELEITO;SIM
JOSE GUIMARAES;PT;CEARA;OPOSI플O;ESQUERDA;NORDESTE;MASCULINO;REELEITO;SIM
JUNIOR MANO;PL;CEARA;GOVERNO;DIREITA;NORDESTE;MASCULINO;NOVATO;SIM
LEONIDAS CRISTINO;PDT;CEARA;OPOSI플O;ESQUERDA;NORDESTE;MASCULINO;REELEITO;SIM
LUIZIANNE LINS;PT;CEARA;OPOSI플O;ESQUERDA;NORDESTE;FEMININO;REELEITO;ABSTENCAO
MAURO BENEVIDES FILHO;PDT;CEARA;OPOSI플O;ESQUERDA;NORDESTE;MASCULINO;NOVATO;SIM
PEDRO AUGUSTO BEZERRA;PTB;CEARA;GOVERNO;DIREITA;NORDESTE;MASCULINO;NOVATO;NAO
ROBERIO MONTEIRO;PDT;CEARA;OPOSI플O;ESQUERDA;NORDESTE;MASCULINO;NOVATO;SIM
ROBERTO PESSOA;PSDB;CEARA;GOVERNO;CENTRO;NORDESTE;MASCULINO;RETORNO;ABSTENCAO
RONALDO MARTINS;Republican;CEARA;GOVERNO;DIREITA;NORDESTE;MASCULINO;NOVATO;SIM
VAIDON OLIVEIRA;PROS;CEARA;OPOSI플O;CENTRO;NORDESTE;MASCULINO;REELEITO;SIM
BIA KICIS;PSL;DISTRITO FEDERAL;GOVERNO;DIREITA;CENTRO OESTE;FEMININO;NOVATO;NAO
CELINA LEAO;PP;DISTRITO FEDERAL;GOVERNO;DIREITA;CENTRO OESTE;FEMININO;NOVATO;SIM
ERIKA KOKAY;PT;DISTRITO FEDERAL;OPOSI플O;ESQUERDA;CENTRO OESTE;FEMININO;REELEITO;SIM
FLAVIA ARRUDA;PL;DISTRITO FEDERAL;GOVERNO;DIREITA;CENTRO OESTE;FEMININO;NOVATO;ABSTENCAO
JULIO CESAR RIBEIRO;Republican;DISTRITO FEDERAL;GOVERNO;DIREITA;CENTRO OESTE;MASCULINO;NOVATO;SIM
LUIS MIRANDA;DEM;DISTRITO FEDERAL;GOVERNO;DIREITA;CENTRO OESTE;MASCULINO;NOVATO;NAO
PAULA BELMONTE;CIDADANIA;DISTRITO FEDERAL;OPOSI플O;ESQUERDA;CENTRO OESTE;FEMININO;NOVATO;NAO
PROFESSOR ISRAEL BATISTA;PV;DISTRITO FEDERAL;OPOSI플O;ESQUERDA;CENTRO OESTE;MASCULINO;NOVATO;ABSTENCAO
AMARO NETO;Republican;ESPIRITO SANTO;GOVERNO;DIREITA;SUDESTE;MASCULINO;NOVATO;SIM
JOSIAS DA VITORIA;CIDADANIA;ESPIRITO SANTO;OPOSI플O;ESQUERDA;SUDESTE;MASCULINO;NOVATO;NAO
DRA. SORAYA MANATO;PSL;ESPIRITO SANTO;GOVERNO;DIREITA;SUDESTE;FEMININO;NOVATO;NAO
EVAIR VIEIRA DE MELO;PP;ESPIRITO SANTO;GOVERNO;DIREITA;SUDESTE;MASCULINO;REELEITO;ABSTENCAO
FELIPE RIGONI;PSB;ESPIRITO SANTO;OPOSI플O;ESQUERDA;SUDESTE;MASCULINO;NOVATO;NAO
HELDER SALOMAO;PT;ESPIRITO SANTO;OPOSI플O;ESQUERDA;SUDESTE;MASCULINO;REELEITO;SIM
LAURIETE;PL;ESPIRITO SANTO;GOVERNO;DIREITA;SUDESTE;FEMININO;RETORNO;NAO
NORMA AYUB;DEM;ESPIRITO SANTO;GOVERNO;DIREITA;SUDESTE;FEMININO;REELEITO;NAO
SERGIO VIDIGAL;PDT;ESPIRITO SANTO;OPOSI플O;ESQUERDA;SUDESTE;MASCULINO;REELEITO;NAO
TED CONTI;PSB;ESPIRITO SANTO;OPOSI플O;ESQUERDA;SUDESTE;MASCULINO;REELEITO;NAO
ADRIANO DO BALDY;PP;GOIAS;GOVERNO;DIREITA;CENTRO OESTE;MASCULINO;NOVATO;SIM
ALCIDES RODRIGUES;Patriota;GOIAS;GOVERNO;DIREITA;CENTRO OESTE;MASCULINO;NOVATO;SIM
CELIO SILVEIRA;PSDB;GOIAS;GOVERNO;CENTRO;CENTRO OESTE;MASCULINO;REELEITO;NAO
DELEGADO WALDIR;PSL;GOIAS;GOVERNO;DIREITA;CENTRO OESTE;MASCULINO;REELEITO;ABSTENCAO
DR. ZACHARIAS CALIL;DEM;GOIAS;GOVERNO;DIREITA;CENTRO OESTE;MASCULINO;NOVATO;NAO
ELIAS VAZ;PSB;GOIAS;OPOSI플O;ESQUERDA;CENTRO OESTE;MASCULINO;NOVATO;NAO
FLAVIA MORAIS;PDT;GOIAS;OPOSI플O;ESQUERDA;CENTRO OESTE;FEMININO;REELEITO;ABSTENCAO
FRANCISCO JR.;PSD;GOIAS;GOVERNO;DIREITA;CENTRO OESTE;MASCULINO;NOVATO;NAO
GLAUSTIN FOKUS;PSC;GOIAS;GOVERNO;DIREITA;CENTRO OESTE;MASCULINO;NOVATO;ABSTENCAO
JOAO CAMPOS;Republican;GOIAS;GOVERNO;DIREITA;CENTRO OESTE;MASCULINO;REELEITO;SIM
JOSE MARIO SCHREINER;DEM;GOIAS;GOVERNO;DIREITA;CENTRO OESTE;MASCULINO;NOVATO;NAO
JOSE NELTO;Podemos;GOIAS;GOVERNO;DIREITA;CENTRO OESTE;MASCULINO;NOVATO;ABSTENCAO
LUCAS VERGILIO;Solidaried;GOIAS;GOVERNO;CENTRO;CENTRO OESTE;MASCULINO;REELEITO;SIM
MAGDA MOFATTO;PL;GOIAS;GOVERNO;DIREITA;CENTRO OESTE;FEMININO;REELEITO;SIM
PROFESSOR ALCIDES;PP;GOIAS;GOVERNO;DIREITA;CENTRO OESTE;MASCULINO;REELEITO;SIM
RUBENS OTONI;PT;GOIAS;OPOSI플O;ESQUERDA;CENTRO OESTE;MASCULINO;REELEITO;ABSTENCAO
VITOR HUGO;PSL;GOIAS;GOVERNO;DIREITA;CENTRO OESTE;MASCULINO;NOVATO;NAO
ALUISIO MENDES;PSC;MARANHAO;GOVERNO;DIREITA;NORDESTE;MASCULINO;REELEITO;ABSTENCAO
ANDRE FUFUCA;PP;MARANHAO;GOVERNO;DIREITA;NORDESTE;MASCULINO;REELEITO;SIM
BIRA DO PINDARE;PSB;MARANHAO;OPOSI플O;ESQUERDA;NORDESTE;MASCULINO;NOVATO;SIM
DR. GONCALO;Republican;MARANHAO;GOVERNO;DIREITA;NORDESTE;MASCULINO;NOVATO;SIM
EDILAZIO JUNIOR;PSD;MARANHAO;GOVERNO;DIREITA;NORDESTE;MASCULINO;NOVATO;ABSTENCAO
EDUARDO BRAIDE;Podemos;MARANHAO;GOVERNO;DIREITA;NORDESTE;MASCULINO;NOVATO;ABSTENCAO
GASTAO VIEIRA;PROS;MARANHAO;OPOSI플O;CENTRO;NORDESTE;MASCULINO;RETORNO;SIM
GIL CUTRIM;PDT;MARANHAO;OPOSI플O;ESQUERDA;NORDESTE;MASCULINO;NOVATO;ABSTENCAO
GILDENEMYR;PL;MARANHAO;GOVERNO;DIREITA;NORDESTE;MASCULINO;NOVATO;ABSTENCAO
HILDO ROCHA;MDB;MARANHAO;GOVERNO;CENTRO;NORDESTE;MASCULINO;REELEITO;SIM
JOAO MARCELO SOUZA;MDB;MARANHAO;GOVERNO;CENTRO;NORDESTE;MASCULINO;REELEITO;SIM
JOSIMAR MARANHAOZINHO;PL;MARANHAO;GOVERNO;DIREITA;NORDESTE;MASCULINO;NOVATO;SIM
JUNIOR LOURENCO;PL;MARANHAO;GOVERNO;DIREITA;NORDESTE;MASCULINO;NOVATO;SIM
JUSCELINO FILHO;DEM;MARANHAO;GOVERNO;DIREITA;NORDESTE;MASCULINO;REELEITO;SIM
MARCIO JERRY;PCdoB;MARANHAO;OPOSI플O;ESQUERDA;NORDESTE;MASCULINO;NOVATO;SIM
MARRECA FILHO;Patriota;MARANHAO;GOVERNO;DIREITA;NORDESTE;MASCULINO;NOVATO;ABSTENCAO
PEDRO LUCAS FERNANDES;PTB;MARANHAO;GOVERNO;DIREITA;NORDESTE;MASCULINO;NOVATO;SIM
ZE CARLOS;PT;MARANHAO;OPOSI플O;ESQUERDA;NORDESTE;MASCULINO;REELEITO;ABSTENCAO
CARLOS BEZERRA;MDB;MATO GROSSO;GOVERNO;CENTRO;CENTRO OESTE;MASCULINO;REELEITO;ABSTENCAO
DR. LEONARDO;Solidaried;MATO GROSSO;GOVERNO;CENTRO;CENTRO OESTE;MASCULINO;NOVATO;SIM
EMANUEL PINHEIRO NETO;PTB;MATO GROSSO;GOVERNO;DIREITA;CENTRO OESTE;MASCULINO;NOVATO;NAO
JOSE MEDEIROS;Podemos;MATO GROSSO;GOVERNO;DIREITA;CENTRO OESTE;MASCULINO;RETORNO;ABSTENCAO
JUAREZ COSTA;MDB;MATO GROSSO;GOVERNO;CENTRO;CENTRO OESTE;MASCULINO;NOVATO;NAO
NELSON BARBUDO;PSL;MATO GROSSO;GOVERNO;DIREITA;CENTRO OESTE;MASCULINO;NOVATO;ABSTENCAO
NERI GELLER;PP;MATO GROSSO;GOVERNO;DIREITA;CENTRO OESTE;MASCULINO;NOVATO;SIM
PROFESSORA ROSA NEIDE;PT;MATO GROSSO;OPOSI플O;ESQUERDA;CENTRO OESTE;FEMININO;NOVATO;SIM
BETO PEREIRA;PSDB;MATO GROSSO DO SUL;GOVERNO;CENTRO;CENTRO OESTE;MASCULINO;REELEITO;SIM
BIA CAVASSA;PSDB;MATO GROSSO DO SUL;GOVERNO;CENTRO;CENTRO OESTE;FEMININO;NOVATO;NAO
DAGOBERTO NOGUEIRA;PDT;MATO GROSSO DO SUL;OPOSI플O;ESQUERDA;CENTRO OESTE;MASCULINO;REELEITO;SIM
DR. LUIZ OVANDO;PSL;MATO GROSSO DO SUL;GOVERNO;DIREITA;CENTRO OESTE;MASCULINO;REELEITO;NAO
FABIO TRAD;PSD;MATO GROSSO DO SUL;GOVERNO;DIREITA;CENTRO OESTE;MASCULINO;RETORNO;SIM
LOESTER TRUTIS;PSL;MATO GROSSO DO SUL;GOVERNO;DIREITA;CENTRO OESTE;MASCULINO;REELEITO;ABSTENCAO
ROSE MODESTO;PSDB;MATO GROSSO DO SUL;GOVERNO;CENTRO;CENTRO OESTE;FEMININO;REELEITO;NAO
VANDER LOUBET;PT;MATO GROSSO DO SUL;OPOSI플O;ESQUERDA;CENTRO OESTE;MASCULINO;REELEITO;SIM
AECIO NEVES;PSDB;MINAS GERAIS;GOVERNO;CENTRO;SUDESTE;MASCULINO;RETORNO;ABSTENCAO
ALE SILVA;PSL;MINAS GERAIS;GOVERNO;DIREITA;SUDESTE;FEMININO;NOVATO;NAO
ANDRE JANONES;Avante;MINAS GERAIS;GOVERNO;CENTRO;SUDESTE;MASCULINO;NOVATO;NAO
AUREA CAROLINA;PSOL;MINAS GERAIS;OPOSI플O;ESQUERDA;SUDESTE;FEMININO;NOVATO;ABSTENCAO
CHARLLES EVANGELISTA;PSL;MINAS GERAIS;GOVERNO;DIREITA;SUDESTE;MASCULINO;NOVATO;NAO
DELEGADO MARCELO FREITAS;PSL;MINAS GERAIS;GOVERNO;DIREITA;SUDESTE;MASCULINO;NOVATO;ABSTENCAO
DIEGO ANDRADE;PSD;MINAS GERAIS;GOVERNO;DIREITA;SUDESTE;MASCULINO;REELEITO;SIM
DIMAS FABIANO;PP;MINAS GERAIS;GOVERNO;DIREITA;SUDESTE;MASCULINO;REELEITO;SIM
DOMINGOS SAVIO;PSDB;MINAS GERAIS;GOVERNO;CENTRO;SUDESTE;MASCULINO;REELEITO;SIM
DR. FREDERICO;Patriota;MINAS GERAIS;GOVERNO;DIREITA;SUDESTE;MASCULINO;NOVATO;NAO
EDUARDO BARBOSA;PSDB;MINAS GERAIS;GOVERNO;CENTRO;SUDESTE;MASCULINO;REELEITO;ABSTENCAO
EMIDINHO MADEIRA;PSB;MINAS GERAIS;OPOSI플O;ESQUERDA;SUDESTE;MASCULINO;NOVATO;NAO
ENEIAS REIS;PSL;MINAS GERAIS;GOVERNO;DIREITA;SUDESTE;MASCULINO;NOVATO;NAO
EROS BIONDINI;PROS;MINAS GERAIS;OPOSI플O;CENTRO;SUDESTE;MASCULINO;REELEITO;NAO
EUCLYDES PETTERSEN;PSC;MINAS GERAIS;GOVERNO;DIREITA;SUDESTE;MASCULINO;NOVATO;SIM
FABIANO TOLENTINO;CIDADANIA;MINAS GERAIS;OPOSI플O;ESQUERDA;SUDESTE;MASCULINO;NOVATO;NAO
FABIO RAMALHO;MDB;MINAS GERAIS;GOVERNO;CENTRO;SUDESTE;MASCULINO;REELEITO;SIM
FERNANDO BORJA;Avante;MINAS GERAIS;GOVERNO;CENTRO;SUDESTE;MASCULINO;NOVATO;NAO
FRANCO CARTAFINA;PP;MINAS GERAIS;GOVERNO;DIREITA;SUDESTE;MASCULINO;NOVATO;NAO
FRED COSTA;Patriota;MINAS GERAIS;GOVERNO;DIREITA;SUDESTE;MASCULINO;NOVATO;ABSTENCAO
GILBERTO ABRAMO;Republican;MINAS GERAIS;GOVERNO;DIREITA;SUDESTE;MASCULINO;NOVATO;SIM
HERCILIO COELHO DINIZ;MDB;MINAS GERAIS;GOVERNO;CENTRO;SUDESTE;MASCULINO;NOVATO;NAO
IGOR TIMO;Podemos;MINAS GERAIS;GOVERNO;DIREITA;SUDESTE;MASCULINO;NOVATO;NAO
JULIO DELGADO;PSB;MINAS GERAIS;OPOSI플O;ESQUERDA;SUDESTE;MASCULINO;REELEITO;ABSTENCAO
JUNIO AMARAL;PSL;MINAS GERAIS;GOVERNO;DIREITA;SUDESTE;MASCULINO;NOVATO;NAO
LAFAYETTE DE ANDRADA;Republican;MINAS GERAIS;GOVERNO;DIREITA;SUDESTE;MASCULINO;NOVATO;SIM
LEO MOTTA;PSL;MINAS GERAIS;GOVERNO;DIREITA;SUDESTE;MASCULINO;NOVATO;NAO
LEONARDO MONTEIRO;PT;MINAS GERAIS;OPOSI플O;ESQUERDA;SUDESTE;MASCULINO;REELEITO;SIM
LINCOLN PORTELA;PL;MINAS GERAIS;GOVERNO;DIREITA;SUDESTE;MASCULINO;REELEITO;ABSTENCAO
LUCAS GONZALEZ;NOVO;MINAS GERAIS;GOVERNO;DIREITA;SUDESTE;MASCULINO;NOVATO;NAO
LUIS TIBE;Avante;MINAS GERAIS;GOVERNO;CENTRO;SUDESTE;MASCULINO;REELEITO;SIM
MARCELO ARO;PP;MINAS GERAIS;GOVERNO;DIREITA;SUDESTE;MASCULINO;REELEITO;SIM
MARGARIDA SALOMAO;PT;MINAS GERAIS;OPOSI플O;ESQUERDA;SUDESTE;FEMININO;REELEITO;ABSTENCAO
MARIO HERINGER;PDT;MINAS GERAIS;OPOSI플O;ESQUERDA;SUDESTE;MASCULINO;REELEITO;ABSTENCAO
MAURO LOPES;MDB;MINAS GERAIS;GOVERNO;CENTRO;SUDESTE;MASCULINO;NOVATO;ABSTENCAO
MISAEL VARELLA;PSD;MINAS GERAIS;GOVERNO;DIREITA;SUDESTE;MASCULINO;REELEITO;ABSTENCAO
NEWTON CARDOSO JR;MDB;MINAS GERAIS;GOVERNO;CENTRO;SUDESTE;MASCULINO;REELEITO;SIM
ODAIR CUNHA;PT;MINAS GERAIS;OPOSI플O;ESQUERDA;SUDESTE;MASCULINO;REELEITO;SIM
PADRE JOAO;PT;MINAS GERAIS;OPOSI플O;ESQUERDA;SUDESTE;MASCULINO;REELEITO;SIM
PATRUS ANANIAS;PT;MINAS GERAIS;OPOSI플O;ESQUERDA;SUDESTE;MASCULINO;REELEITO;SIM
PAULO ABI-ACKEL;PSDB;MINAS GERAIS;GOVERNO;CENTRO;SUDESTE;MASCULINO;REELEITO;SIM
PAULO GUEDES;PT;MINAS GERAIS;OPOSI플O;ESQUERDA;SUDESTE;MASCULINO;NOVATO;SIM
PINHEIRINHO;PP;MINAS GERAIS;GOVERNO;DIREITA;SUDESTE;MASCULINO;NOVATO;ABSTENCAO
REGINALDO LOPES;PT;MINAS GERAIS;OPOSI플O;ESQUERDA;SUDESTE;MASCULINO;REELEITO;SIM
RODRIGO DE CASTRO;PSDB;MINAS GERAIS;GOVERNO;CENTRO;SUDESTE;MASCULINO;REELEITO;SIM
ROGERIO CORREIA;PT;MINAS GERAIS;OPOSI플O;ESQUERDA;SUDESTE;MASCULINO;NOVATO;SIM
STEFANO AGUIAR;PSD;MINAS GERAIS;GOVERNO;DIREITA;SUDESTE;MASCULINO;REELEITO;NAO
SUBTENENTE GONZAGA;PDT;MINAS GERAIS;OPOSI플O;ESQUERDA;SUDESTE;MASCULINO;REELEITO;SIM
TIAGO MITRAUD;NOVO;MINAS GERAIS;GOVERNO;DIREITA;SUDESTE;MASCULINO;NOVATO;NAO
VILSON DA FETAEMG;PSB;MINAS GERAIS;OPOSI플O;ESQUERDA;SUDESTE;MASCULINO;NOVATO;SIM
WELITON PRADO;PROS;MINAS GERAIS;OPOSI플O;CENTRO;SUDESTE;MASCULINO;REELEITO;NAO
ZE SILVA;Solidaried;MINAS GERAIS;GOVERNO;CENTRO;SUDESTE;MASCULINO;REELEITO;SIM
ZE VITOR;PL;MINAS GERAIS;GOVERNO;DIREITA;SUDESTE;MASCULINO;NOVATO;SIM
AIRTON FALEIRO;PT;PARA;OPOSI플O;ESQUERDA;NORTE;MASCULINO;NOVATO;SIM
BETO FARO;PT;PARA;OPOSI플O;ESQUERDA;NORTE;MASCULINO;REELEITO;ABSTENCAO
CASSIO ANDRADE;PSB;PARA;OPOSI플O;ESQUERDA;NORTE;MASCULINO;NOVATO;ABSTENCAO
CELSO SABINO;PSDB;PARA;GOVERNO;CENTRO;NORTE;MASCULINO;NOVATO;ABSTENCAO
CRISTIANO VALE;PL;PARA;GOVERNO;DIREITA;NORTE;MASCULINO;NOVATO;SIM
DELEGADO EDER MAURO;PSD;PARA;GOVERNO;DIREITA;SUDESTE;MASCULINO;REELEITO;NAO
EDMILSON RODRIGUES;PSOL;PARA;OPOSI플O;ESQUERDA;SUDESTE;MASCULINO;REELEITO;NAO
EDUARDO COSTA;PTB;PARA;GOVERNO;DIREITA;SUDESTE;MASCULINO;NOVATO;NAO
ELCIONE BARBALHO;MDB;PARA;GOVERNO;CENTRO;SUDESTE;FEMININO;REELEITO;ABSTENCAO
HELIO LEITE;DEM;PARA;GOVERNO;DIREITA;SUDESTE;MASCULINO;REELEITO;ABSTENCAO
JOAQUIM PASSARINHO;PSD;PARA;GOVERNO;DIREITA;SUDESTE;MASCULINO;REELEITO;NAO
JOSE PRIANTE;MDB;PARA;GOVERNO;CENTRO;SUDESTE;MASCULINO;REELEITO;SIM
JUNIOR FERRARI;PSD;PARA;GOVERNO;DIREITA;NORTE;MASCULINO;NOVATO;NAO
NILSON PINTO;PSDB;PARA;GOVERNO;CENTRO;NORTE;MASCULINO;REELEITO;SIM
OLIVAL MARQUES;DEM;PARA;GOVERNO;DIREITA;NORTE;MASCULINO;NOVATO;SIM
PAULO BENGTSON;PTB;PARA;GOVERNO;DIREITA;NORTE;MASCULINO;NOVATO;NAO
VAVA MARTINS;Republican;PARA;GOVERNO;DIREITA;NORTE;MASCULINO;NOVATO;SIM
AGUINALDO RIBEIRO;PP;PARAIBA;GOVERNO;DIREITA;NORDESTE;MASCULINO;REELEITO;SIM
DAMIAO FELICIANO;PDT;PARAIBA;OPOSI플O;ESQUERDA;NORDESTE;MASCULINO;REELEITO;ABSTENCAO
EDNA HENRIQUE;PSDB;PARAIBA;GOVERNO;CENTRO;NORDESTE;FEMININO;NOVATO;NAO
EFRAIM FILHO;DEM;PARAIBA;GOVERNO;DIREITA;NORDESTE;MASCULINO;REELEITO;SIM
FREI ANASTACIO RIBEIRO;PT;PARAIBA;OPOSI플O;ESQUERDA;NORDESTE;MASCULINO;NOVATO;SIM
GERVASIO MAIA;PSB;PARAIBA;OPOSI플O;ESQUERDA;NORDESTE;MASCULINO;NOVATO;SIM
HUGO MOTTA;Republican;PARAIBA;GOVERNO;DIREITA;NORDESTE;MASCULINO;REELEITO;SIM
JULIAN LEMOS;PSL;PARAIBA;GOVERNO;DIREITA;NORDESTE;MASCULINO;NOVATO;NAO
PEDRO CUNHA LIMA;PSDB;PARAIBA;GOVERNO;CENTRO;NORDESTE;MASCULINO;REELEITO;NAO
RUY CARNEIRO;PSDB;PARAIBA;GOVERNO;CENTRO;NORDESTE;MASCULINO;RETORNO;NAO
WELLINGTON ROBERTO;PL;PARAIBA;GOVERNO;DIREITA;NORDESTE;MASCULINO;REELEITO;SIM
WILSON SANTIAGO;PTB;PARAIBA;GOVERNO;DIREITA;NORDESTE;MASCULINO;RETORNO;SIM
ALIEL MACHADO;PSB;PARANA;OPOSI플O;ESQUERDA;SUL;MASCULINO;REELEITO;NAO
ALINE SLEUTJES;PSL;PARANA;GOVERNO;DIREITA;SUL;FEMININO;NOVATO;ABSTENCAO
AROLDO MARTINS;Republican;PARANA;GOVERNO;DIREITA;SUL;MASCULINO;NOVATO;SIM
BOCA ABERTA;PROS;PARANA;OPOSI플O;CENTRO;SUL;MASCULINO;NOVATO;ABSTENCAO
CHRISTIANE DE SOUZA YARED;PL;PARANA;GOVERNO;DIREITA;SUL;FEMININO;REELEITO;NAO
DIEGO GARCIA;Podemos;PARANA;GOVERNO;DIREITA;SUL;MASCULINO;REELEITO;NAO
ENIO VERRI;PT;PARANA;OPOSI플O;ESQUERDA;SUL;MASCULINO;REELEITO;ABSTENCAO
FELIPE FRANCISCHINI;PSL;PARANA;GOVERNO;DIREITA;SUL;MASCULINO;NOVATO;NAO
FILIPE BARROS;PSL;PARANA;GOVERNO;DIREITA;SUL;MASCULINO;NOVATO;NAO
GIACOBO;PL;PARANA;GOVERNO;DIREITA;SUL;MASCULINO;REELEITO;ABSTENCAO
GLEISI HOFFMANN;PT;PARANA;OPOSI플O;ESQUERDA;SUL;FEMININO;RETORNO;SIM
GUSTAVO FRUET;PDT;PARANA;OPOSI플O;ESQUERDA;SUL;MASCULINO;RETORNO;ABSTENCAO
HERMES PARCIANELLO;MDB;PARANA;GOVERNO;CENTRO;SUL;MASCULINO;REELEITO;ABSTENCAO
LEANDRE;PV;PARANA;OPOSI플O;ESQUERDA;SUL;MASCULINO;REELEITO;NAO
LUCIANO DUCCI;PSB;PARANA;OPOSI플O;ESQUERDA;SUL;MASCULINO;REELEITO;SIM
LUISA CANZIANI;PTB;PARANA;GOVERNO;DIREITA;SUL;FEMININO;NOVATO;ABSTENCAO
LUIZ NISHIMORI;PL;PARANA;GOVERNO;DIREITA;SUL;MASCULINO;REELEITO;NAO
LUIZAO GOULART;Republican;PARANA;GOVERNO;DIREITA;SUL;MASCULINO;NOVATO;SIM
PAULO EDUARDO MARTINS;PSC;PARANA;GOVERNO;DIREITA;SUL;MASCULINO;NOVATO;NAO
PEDRO LUPION;DEM;PARANA;GOVERNO;DIREITA;SUL;MASCULINO;NOVATO;NAO
REINHOLD STEPHANES JUNIOR;PSD;PARANA;GOVERNO;DIREITA;SUL;MASCULINO;REELEITO;ABSTENCAO
RICARDO BARROS;PP;PARANA;GOVERNO;DIREITA;SUL;MASCULINO;REELEITO;SIM
ROMAN;PSD;PARANA;GOVERNO;DIREITA;SUL;MASCULINO;REELEITO;NAO
RUBENS BUENO;CIDADANIA;PARANA;OPOSI플O;ESQUERDA;SUL;MASCULINO;REELEITO;NAO
SARGENTO FAHUR;PSD;PARANA;GOVERNO;DIREITA;SUL;MASCULINO;NOVATO;NAO
SCHIAVINATO;PP;PARANA;GOVERNO;DIREITA;SUL;MASCULINO;NOVATO;ABSTENCAO
SERGIO SOUZA;MDB;PARANA;GOVERNO;CENTRO;SUL;MASCULINO;REELEITO;SIM
TONINHO WANDSCHEER;PROS;PARANA;OPOSI플O;CENTRO;SUL;MASCULINO;REELEITO;ABSTENCAO
VERMELHO;PSD;PARANA;GOVERNO;DIREITA;SUL;MASCULINO;NOVATO;SIM
ZECA DIRCEU;PT;PARANA;OPOSI플O;ESQUERDA;SUL;MASCULINO;REELEITO;SIM
ANDRE DE PAULA;PSD;PERNAMBUCO;GOVERNO;DIREITA;NORDESTE;MASCULINO;REELEITO;SIM
ANDRE FERREIRA;PSC;PERNAMBUCO;GOVERNO;DIREITA;NORDESTE;MASCULINO;NOVATO;SIM
AUGUSTO COUTINHO;Solidaried;PERNAMBUCO;GOVERNO;CENTRO;NORDESTE;MASCULINO;RETORNO;ABSTENCAO
CARLOS VERAS;PT;PERNAMBUCO;OPOSI플O;ESQUERDA;NORDESTE;MASCULINO;NOVATO;SIM
DANIEL COELHO;CIDADANIA;PERNAMBUCO;OPOSI플O;ESQUERDA;NORDESTE;MASCULINO;REELEITO;NAO
DANILO CABRAL;PSB;PERNAMBUCO;OPOSI플O;ESQUERDA;NORDESTE;MASCULINO;REELEITO;SIM
EDUARDO DA FONTE;PP;PERNAMBUCO;GOVERNO;DIREITA;NORDESTE;MASCULINO;REELEITO;SIM
FELIPE CARRERAS;PSB;PERNAMBUCO;OPOSI플O;ESQUERDA;NORDESTE;MASCULINO;REELEITO;NAO
FERNANDO COELHO FILHO;DEM;PERNAMBUCO;GOVERNO;DIREITA;NORDESTE;MASCULINO;REELEITO;SIM
FERNANDO MONTEIRO;PP;PERNAMBUCO;GOVERNO;DIREITA;NORDESTE;MASCULINO;NOVATO;SIM
FERNANDO RODOLFO;PL;PERNAMBUCO;GOVERNO;DIREITA;NORDESTE;MASCULINO;NOVATO;SIM
GONZAGA PATRIOTA;PSB;PERNAMBUCO;OPOSI플O;ESQUERDA;NORDESTE;MASCULINO;REELEITO;NAO
JOAO H. CAMPOS;PSB;PERNAMBUCO;OPOSI플O;ESQUERDA;NORDESTE;MASCULINO;NOVATO;NAO
LUCIANO BIVAR;PSL;PERNAMBUCO;GOVERNO;DIREITA;NORDESTE;MASCULINO;RETORNO;SIM
MARILIA ARRAES;PT;PERNAMBUCO;OPOSI플O;ESQUERDA;NORDESTE;FEMININO;NOVATO;SIM
OSSESIO SILVA;Republican;PERNAMBUCO;GOVERNO;DIREITA;NORDESTE;MASCULINO;NOVATO;SIM
PASTOR EURICO;Patriota;PERNAMBUCO;GOVERNO;DIREITA;NORDESTE;MASCULINO;REELEITO;NAO
RAUL HENRY;MDB;PERNAMBUCO;GOVERNO;CENTRO;NORDESTE;MASCULINO;RETORNO;SIM
RENILDO CALHEIROS;PCdoB;PERNAMBUCO;OPOSI플O;ESQUERDA;NORDESTE;MASCULINO;RETORNO;SIM
RICARDO TEOBALDO;Podemos;PERNAMBUCO;GOVERNO;DIREITA;NORDESTE;MASCULINO;REELEITO;SIM
SEBASTIAO OLIVEIRA;PL;PERNAMBUCO;GOVERNO;DIREITA;NORDESTE;MASCULINO;REELEITO;SIM
SILVIO COSTA FILHO;Republican;PERNAMBUCO;GOVERNO;DIREITA;NORDESTE;MASCULINO;NOVATO;SIM
TADEU ALENCAR;PSB;PERNAMBUCO;OPOSI플O;ESQUERDA;NORDESTE;MASCULINO;NOVATO;SIM
TULIO GADELHA;PDT;PERNAMBUCO;OPOSI플O;ESQUERDA;NORDESTE;MASCULINO;NOVATO;NAO
WOLNEY QUEIROZ;PDT;PERNAMBUCO;OPOSI플O;ESQUERDA;NORDESTE;MASCULINO;REELEITO;SIM
ASSIS CARVALHO;PT;PIAUI;OPOSI플O;ESQUERDA;NORDESTE;MASCULINO;REELEITO;SIM
ATILA LIRA;PP;PIAUI;GOVERNO;DIREITA;NORDESTE;MASCULINO;REELEITO;SIM
FLAVIO NOGUEIRA;PDT;PIAUI;OPOSI플O;ESQUERDA;NORDESTE;MASCULINO;NOVATO;SIM
IRACEMA PORTELLA;PP;PIAUI;GOVERNO;DIREITA;NORDESTE;FEMININO;REELEITO;ABSTENCAO
JULIO CESAR;PSD;PIAUI;GOVERNO;DIREITA;NORDESTE;MASCULINO;REELEITO;ABSTENCAO
MARCOS AURELIO SAMPAIO;MDB;PIAUI;GOVERNO;CENTRO;NORDESTE;MASCULINO;NOVATO;SIM
MARGARETE COELHO;PP;PIAUI;GOVERNO;DIREITA;NORDESTE;FEMININO;NOVATO;SIM
MARINA SANTOS;Solidaried;PIAUI;GOVERNO;CENTRO;NORDESTE;FEMININO;NOVATO;SIM
PAES LANDIM;PTB;PIAUI;GOVERNO;DIREITA;NORDESTE;MASCULINO;REELEITO;SIM
REJANE DIAS;PT;PIAUI;OPOSI플O;ESQUERDA;NORDESTE;FEMININO;REELEITO;SIM
ALESSANDRO MOLON;PSB;RIO DE JANEIRO;OPOSI플O;ESQUERDA;SUDESTE;MASCULINO;REELEITO;SIM
ALEXANDRE SERFIOTIS;PSD;RIO DE JANEIRO;GOVERNO;DIREITA;SUDESTE;MASCULINO;REELEITO;SIM
ALTINEU CORTES;PL;RIO DE JANEIRO;GOVERNO;DIREITA;SUDESTE;MASCULINO;REELEITO;ABSTENCAO
AUREO RIBEIRO;Solidaried;RIO DE JANEIRO;GOVERNO;CENTRO;SUDESTE;MASCULINO;REELEITO;SIM
BENEDITA DA SILVA;PT;RIO DE JANEIRO;OPOSI플O;ESQUERDA;SUDESTE;FEMININO;REELEITO;SIM
CARLOS JORDY;PSL;RIO DE JANEIRO;GOVERNO;DIREITA;SUDESTE;MASCULINO;NOVATO;NAO
CHICO D`ANGELO;PDT;RIO DE JANEIRO;OPOSI플O;ESQUERDA;SUDESTE;MASCULINO;REELEITO;SIM
CHIQUINHO BRAZAO;Avante;RIO DE JANEIRO;GOVERNO;CENTRO;SUDESTE;MASCULINO;NOVATO;SIM
CHRIS TONIETTO;PSL;RIO DE JANEIRO;GOVERNO;DIREITA;SUDESTE;FEMININO;NOVATO;NAO
CHRISTINO AUREO;PP;RIO DE JANEIRO;GOVERNO;DIREITA;SUDESTE;MASCULINO;NOVATO;SIM
CLARISSA GAROTINHO;PROS;RIO DE JANEIRO;OPOSI플O;CENTRO;SUDESTE;FEMININO;REELEITO;SIM
DANIEL SILVEIRA;PSL;RIO DE JANEIRO;GOVERNO;DIREITA;SUDESTE;MASCULINO;NOVATO;NAO
DANIELA DO WAGUINHO;MDB;RIO DE JANEIRO;GOVERNO;CENTRO;SUDESTE;FEMININO;NOVATO;SIM
DAVID MIRANDA;PSOL;RIO DE JANEIRO;OPOSI플O;ESQUERDA;SUDESTE;MASCULINO;NOVATO;NAO
DELEGADO ANTONIO FURTADO;PSL;RIO DE JANEIRO;GOVERNO;DIREITA;SUDESTE;MASCULINO;NOVATO;NAO
DR. LUIZ ANTONIO TEIXEIRA JR.;PP;RIO DE JANEIRO;GOVERNO;DIREITA;SUDESTE;MASCULINO;NOVATO;SIM
FELICIO LATERCA;PSL;RIO DE JANEIRO;GOVERNO;DIREITA;SUDESTE;MASCULINO;NOVATO;NAO
FLORDELIS;PSD;RIO DE JANEIRO;GOVERNO;DIREITA;SUDESTE;FEMININO;NOVATO;SIM
GELSON AZEVEDO;PL;RIO DE JANEIRO;GOVERNO;DIREITA;SUDESTE;MASCULINO;NOVATO;SIM
GLAUBER BRAGA;PSOL;RIO DE JANEIRO;OPOSI플O;ESQUERDA;SUDESTE;MASCULINO;REELEITO;NAO
GURGEL;PSL;RIO DE JANEIRO;GOVERNO;DIREITA;SUDESTE;MASCULINO;NOVATO;NAO
GUTEMBERG REIS;MDB;RIO DE JANEIRO;GOVERNO;CENTRO;SUDESTE;MASCULINO;NOVATO;SIM
HELIO LOPES;PSL;RIO DE JANEIRO;GOVERNO;DIREITA;SUDESTE;MASCULINO;NOVATO;NAO
HUGO LEAL;PSD;RIO DE JANEIRO;GOVERNO;DIREITA;SUDESTE;MASCULINO;REELEITO;SIM
JANDIRA FEGHALI;PCdoB;RIO DE JANEIRO;OPOSI플O;ESQUERDA;SUDESTE;FEMININO;REELEITO;SIM
JORGE BRAZ;Republican;RIO DE JANEIRO;GOVERNO;DIREITA;SUDESTE;MASCULINO;NOVATO;SIM
JUNINHO DO PNEU;DEM;RIO DE JANEIRO;GOVERNO;DIREITA;SUDESTE;MASCULINO;NOVATO;SIM
LOURIVAL GOMES;PSL;RIO DE JANEIRO;GOVERNO;DIREITA;SUDESTE;MASCULINO;NOVATO;NAO
LUIZ ANTONIO CORREA;PL;RIO DE JANEIRO;GOVERNO;DIREITA;SUDESTE;MASCULINO;NOVATO;SIM
LUIZ LIMA;PSL;RIO DE JANEIRO;GOVERNO;DIREITA;SUDESTE;MASCULINO;NOVATO;NAO
MAJOR FABIANA;PSL;RIO DE JANEIRO;GOVERNO;DIREITA;SUDESTE;FEMININO;NOVATO;NAO
MARCELO CALERO;CIDADANIA;RIO DE JANEIRO;OPOSI플O;ESQUERDA;SUDESTE;MASCULINO;NOVATO;NAO
MARCELO FREIXO;PSOL;RIO DE JANEIRO;OPOSI플O;ESQUERDA;SUDESTE;MASCULINO;NOVATO;NAO
MARCIO LABRE;PSL;RIO DE JANEIRO;GOVERNO;DIREITA;SUDESTE;MASCULINO;NOVATO;NAO
OTONI DE PAULA;PSC;RIO DE JANEIRO;GOVERNO;DIREITA;SUDESTE;MASCULINO;NOVATO;NAO
PAULO GANIME;NOVO;RIO DE JANEIRO;GOVERNO;DIREITA;SUDESTE;MASCULINO;NOVATO;NAO
PAULO RAMOS;PDT;RIO DE JANEIRO;OPOSI플O;ESQUERDA;SUDESTE;MASCULINO;RETORNO;SIM
PEDRO PAULO;DEM;RIO DE JANEIRO;GOVERNO;DIREITA;SUDESTE;MASCULINO;REELEITO;SIM
PROFESSOR JOZIEL;PSL;RIO DE JANEIRO;GOVERNO;DIREITA;SUDESTE;MASCULINO;NOVATO;NAO
RODRIGO MAIA;DEM;RIO DE JANEIRO;GOVERNO;DIREITA;SUDESTE;MASCULINO;REELEITO;ABSTENCAO
ROSANGELA GOMES;Republican;RIO DE JANEIRO;GOVERNO;DIREITA;SUDESTE;FEMININO;REELEITO;SIM
SORAYA SANTOS;PL;RIO DE JANEIRO;GOVERNO;DIREITA;SUDESTE;FEMININO;REELEITO;SIM
SOSTENES CAVALCANTE;DEM;RIO DE JANEIRO;GOVERNO;DIREITA;SUDESTE;FEMININO;REELEITO;SIM
TALIRIA PETRONE;PSOL;RIO DE JANEIRO;OPOSI플O;ESQUERDA;SUDESTE;FEMININO;NOVATO;ABSTENCAO
VINICIUS FARAH;MDB;RIO DE JANEIRO;GOVERNO;CENTRO;SUDESTE;MASCULINO;NOVATO;NAO
WLADIMIR GAROTINHO;PSD;RIO DE JANEIRO;GOVERNO;DIREITA;SUDESTE;MASCULINO;NOVATO;SIM
BENES LEOCADIO;Republican;RIO GRANDE DO NORTE;GOVERNO;DIREITA;NORDESTE;MASCULINO;NOVATO;SIM
BETO ROSADO;PP;RIO GRANDE DO NORTE;GOVERNO;DIREITA;NORDESTE;MASCULINO;REELEITO;ABSTENCAO
FABIO FARIA;PSD;RIO GRANDE DO NORTE;GOVERNO;DIREITA;NORDESTE;MASCULINO;REELEITO;SIM
GENERAL GIRAO;PSL;RIO GRANDE DO NORTE;GOVERNO;DIREITA;NORDESTE;MASCULINO;NOVATO;NAO
JOAO MAIA;PL;RIO GRANDE DO NORTE;GOVERNO;DIREITA;NORDESTE;MASCULINO;RETORNO;ABSTENCAO
NATALIA BONAVIDES;PT;RIO GRANDE DO NORTE;OPOSI플O;ESQUERDA;NORDESTE;FEMININO;NOVATO;SIM
RAFAEL MOTTA;PSB;RIO GRANDE DO NORTE;OPOSI플O;ESQUERDA;NORDESTE;MASCULINO;REELEITO;NAO
WALTER ALVES;MDB;RIO GRANDE DO NORTE;GOVERNO;CENTRO;NORDESTE;MASCULINO;REELEITO;ABSTENCAO
AFONSO HAMM;PP;RIO GRANDE DO SUL;GOVERNO;DIREITA;SUL;MASCULINO;REELEITO;SIM
AFONSO MOTTA;PDT;RIO GRANDE DO SUL;OPOSI플O;ESQUERDA;SUL;MASCULINO;REELEITO;SIM
ALCEU MOREIRA;MDB;RIO GRANDE DO SUL;GOVERNO;CENTRO;SUL;MASCULINO;REELEITO;ABSTENCAO
BIBO NUNES;PSL;RIO GRANDE DO SUL;GOVERNO;DIREITA;SUL;MASCULINO;NOVATO;NAO
BOHN GASS;PT;RIO GRANDE DO SUL;OPOSI플O;ESQUERDA;SUL;MASCULINO;REELEITO;SIM
CARLOS GOMES;Republican;RIO GRANDE DO SUL;GOVERNO;DIREITA;SUL;MASCULINO;REELEITO;SIM
DANIEL TRZECIAK;PSDB;RIO GRANDE DO SUL;GOVERNO;CENTRO;SUL;MASCULINO;NOVATO;NAO
DANRLEI DE DEUS HINTERHOLZ;PSD;RIO GRANDE DO SUL;GOVERNO;DIREITA;SUL;MASCULINO;REELEITO;ABSTENCAO
DARCISIO PERONDI;MDB;RIO GRANDE DO SUL;GOVERNO;CENTRO;SUL;MASCULINO;REELEITO;SIM
FERNANDA MELCHIONNA;PSOL;RIO GRANDE DO SUL;OPOSI플O;ESQUERDA;SUL;FEMININO;NOVATO;NAO
GIOVANI CHERINI;PL;RIO GRANDE DO SUL;GOVERNO;DIREITA;SUL;MASCULINO;REELEITO;SIM
GIOVANI FELTES;MDB;RIO GRANDE DO SUL;GOVERNO;CENTRO;SUL;MASCULINO;REELEITO;NAO
HEITOR SCHUCH;PSB;RIO GRANDE DO SUL;OPOSI플O;ESQUERDA;SUL;MASCULINO;REELEITO;ABSTENCAO
HENRIQUE FONTANA;PT;RIO GRANDE DO SUL;OPOSI플O;ESQUERDA;SUL;MASCULINO;REELEITO;SIM
JERONIMO GOERGEN;PP;RIO GRANDE DO SUL;GOVERNO;DIREITA;SUL;MASCULINO;REELEITO;NAO
LIZIANE BAYER;PSB;RIO GRANDE DO SUL;OPOSI플O;ESQUERDA;SUL;FEMININO;NOVATO;NAO
LUCAS REDECKER;PSDB;RIO GRANDE DO SUL;GOVERNO;CENTRO;SUL;MASCULINO;NOVATO;NAO
MARCEL VAN HATTEM;NOVO;RIO GRANDE DO SUL;GOVERNO;DIREITA;SUL;MASCULINO;NOVATO;NAO
MARCELO BRUM;PSL;RIO GRANDE DO SUL;GOVERNO;DIREITA;SUL;MASCULINO;REELEITO;NAO
MARCELO MORAES;PTB;RIO GRANDE DO SUL;GOVERNO;DIREITA;SUL;MASCULINO;NOVATO;NAO
MARCIO BIOLCHI;MDB;RIO GRANDE DO SUL;GOVERNO;CENTRO;SUL;MASCULINO;REELEITO;NAO
MARCON;PT;RIO GRANDE DO SUL;OPOSI플O;ESQUERDA;SUL;MASCULINO;REELEITO;SIM
MARIA DO ROSARIO;PT;RIO GRANDE DO SUL;OPOSI플O;ESQUERDA;SUL;FEMININO;REELEITO;SIM
MARLON SANTOS;PDT;RIO GRANDE DO SUL;OPOSI플O;ESQUERDA;SUL;MASCULINO;NOVATO;ABSTENCAO
MAURICIO DZIEDRICKI;PTB;RIO GRANDE DO SUL;GOVERNO;DIREITA;SUL;MASCULINO;NOVATO;NAO
NEREU CRISPIM;PSL;RIO GRANDE DO SUL;GOVERNO;DIREITA;SUL;MASCULINO;NOVATO;SIM
PAULO PIMENTA;PT;RIO GRANDE DO SUL;OPOSI플O;ESQUERDA;SUL;MASCULINO;REELEITO;SIM
PEDRO WESTPHALEN;PP;RIO GRANDE DO SUL;GOVERNO;DIREITA;SUL;MASCULINO;NOVATO;ABSTENCAO
POMPEO DE MATTOS;PDT;RIO GRANDE DO SUL;OPOSI플O;ESQUERDA;SUL;MASCULINO;REELEITO;NAO
SANDERSON;PSL;RIO GRANDE DO SUL;GOVERNO;DIREITA;SUL;MASCULINO;NOVATO;NAO
SANTINI;PTB;RIO GRANDE DO SUL;GOVERNO;DIREITA;SUL;MASCULINO;REELEITO;NAO
CORONEL CHRISOSTOMO;PSL;RONDONIA;GOVERNO;DIREITA;NORTE;MASCULINO;NOVATO;NAO
EXPEDITO NETTO;PSD;RONDONIA;GOVERNO;DIREITA;NORTE;MASCULINO;REELEITO;ABSTENCAO
JAQUELINE CASSOL;PP;RONDONIA;GOVERNO;DIREITA;NORTE;FEMININO;NOVATO;ABSTENCAO
LEO MORAES;Podemos;RONDONIA;GOVERNO;DIREITA;NORTE;MASCULINO;NOVATO;NAO
LUCIO MOSQUINI;MDB;RONDONIA;GOVERNO;CENTRO;NORTE;MASCULINO;REELEITO;SIM
MARIANA CARVALHO;PSDB;RONDONIA;GOVERNO;CENTRO;NORTE;FEMININO;REELEITO;NAO
MAURO NAZIF;PSB;RONDONIA;OPOSI플O;ESQUERDA;NORTE;MASCULINO;RETORNO;NAO
SILVIA CRISTINA;PDT;RONDONIA;OPOSI플O;ESQUERDA;NORTE;FEMININO;NOVATO;NAO
EDIO LOPES;PL;RORAIMA;GOVERNO;DIREITA;NORTE;MASCULINO;REELEITO;ABSTENCAO
HAROLDO CATHEDRAL;PSD;RORAIMA;GOVERNO;DIREITA;NORTE;MASCULINO;NOVATO;SIM
HIRAN GONCALVES;PP;RORAIMA;GOVERNO;DIREITA;NORTE;MASCULINO;REELEITO;SIM
JHONATAN DE JESUS;Republican;RORAIMA;GOVERNO;DIREITA;NORTE;MASCULINO;REELEITO;SIM
JOENIA WAPICHANA;REDE;RORAIMA;OPOSI플O;ESQUERDA;NORTE;FEMININO;NOVATO;ABSTENCAO
NICOLETTI;PSL;RORAIMA;GOVERNO;DIREITA;NORTE;MASCULINO;NOVATO;ABSTENCAO
OTACI NASCIMENTO;Solidaried;RORAIMA;GOVERNO;CENTRO;NORTE;MASCULINO;NOVATO;SIM
SHERIDAN;PSDB;RORAIMA;GOVERNO;CENTRO;NORTE;FEMININO;REELEITO;NAO
ANGELA AMIN;PP;SANTA CATARINA;GOVERNO;DIREITA;SUL;FEMININO;RETORNO;SIM
CARLOS CHIODINI;MDB;SANTA CATARINA;GOVERNO;CENTRO;SUL;MASCULINO;NOVATO;NAO
CARMEN ZANOTTO;CIDADANIA;SANTA CATARINA;OPOSI플O;ESQUERDA;SUL;FEMININO;REELEITO;NAO
CAROLINE DE TONI;PSL;SANTA CATARINA;GOVERNO;DIREITA;SUL;FEMININO;NOVATO;ABSTENCAO
CELSO MALDANER;MDB;SANTA CATARINA;GOVERNO;CENTRO;SUL;MASCULINO;REELEITO;NAO
CORONEL ARMANDO;PSL;SANTA CATARINA;GOVERNO;DIREITA;SUL;MASCULINO;NOVATO;NAO
DANIEL FREITAS;PSL;SANTA CATARINA;GOVERNO;DIREITA;SUL;MASCULINO;NOVATO;NAO
DARCI DE MATOS;PSD;SANTA CATARINA;GOVERNO;DIREITA;SUL;FEMININO;NOVATO;NAO
FABIO SCHIOCHET;PSL;SANTA CATARINA;GOVERNO;DIREITA;SUL;MASCULINO;NOVATO;NAO
GEOVANIA DE SA;PSDB;SANTA CATARINA;GOVERNO;CENTRO;SUL;FEMININO;REELEITO;NAO
GILSON MARQUES;NOVO;SANTA CATARINA;GOVERNO;DIREITA;SUL;MASCULINO;NOVATO;NAO
HELIO COSTA;Republican;SANTA CATARINA;GOVERNO;DIREITA;SUL;MASCULINO;NOVATO;NAO
PEDRO UCZAI;PT;SANTA CATARINA;OPOSI플O;ESQUERDA;SUL;MASCULINO;REELEITO;SIM
RICARDO GUIDI;PSD;SANTA CATARINA;GOVERNO;DIREITA;SUL;MASCULINO;NOVATO;SIM
RODRIGO COELHO;PSB;SANTA CATARINA;OPOSI플O;ESQUERDA;SUL;MASCULINO;NOVATO;NAO
ROGERIO PENINHA MENDONCA;MDB;SANTA CATARINA;GOVERNO;CENTRO;SUL;MASCULINO;REELEITO;NAO
ABOU ANNI;PSL;SAO PAULO;GOVERNO;DIREITA;SUDESTE;MASCULINO;NOVATO;NAO
ADRIANA VENTURA;NOVO;SAO PAULO;GOVERNO;DIREITA;SUDESTE;FEMININO;NOVATO;NAO
ALENCAR SANTANA BRAGA;PT;SAO PAULO;OPOSI플O;ESQUERDA;SUDESTE;MASCULINO;NOVATO;SIM
ALEX MANENTE;CIDADANIA;SAO PAULO;OPOSI플O;ESQUERDA;SUDESTE;MASCULINO;REELEITO;NAO
ALEXANDRE FROTA;PSDB;SAO PAULO;GOVERNO;CENTRO;SUDESTE;MASCULINO;NOVATO;ABSTENCAO
ALEXANDRE LEITE;DEM;SAO PAULO;GOVERNO;DIREITA;SUDESTE;MASCULINO;REELEITO;SIM
ALEXANDRE PADILHA;PT;SAO PAULO;OPOSI플O;ESQUERDA;SUDESTE;MASCULINO;NOVATO;SIM
ALEXIS FONTEYNE;NOVO;SAO PAULO;GOVERNO;DIREITA;SUDESTE;MASCULINO;NOVATO;NAO
ARLINDO CHINAGLIA;PT;SAO PAULO;OPOSI플O;ESQUERDA;SUDESTE;MASCULINO;REELEITO;SIM
ARNALDO JARDIM;CIDADANIA;SAO PAULO;OPOSI플O;ESQUERDA;SUDESTE;MASCULINO;REELEITO;NAO
BALEIA ROSSI;MDB;SAO PAULO;GOVERNO;CENTRO;SUDESTE;MASCULINO;REELEITO;SIM
BRUNA FURLAN;PSDB;SAO PAULO;GOVERNO;CENTRO;SUDESTE;FEMININO;REELEITO;ABSTENCAO
CAPITAO AUGUSTO;PL;SAO PAULO;GOVERNO;DIREITA;SUDESTE;MASCULINO;REELEITO;ABSTENCAO
CARLA ZAMBELLI;PSL;SAO PAULO;GOVERNO;DIREITA;SUDESTE;FEMININO;NOVATO;ABSTENCAO
CARLOS SAMPAIO;PSDB;SAO PAULO;GOVERNO;CENTRO;SUDESTE;MASCULINO;REELEITO;NAO
CARLOS ZARATTINI;PT;SAO PAULO;OPOSI플O;ESQUERDA;SUDESTE;MASCULINO;REELEITO;SIM
CELSO RUSSOMANNO;REPUBLICAN;SAO PAULO;GOVERNO;DIREITA;SUDESTE;MASCULINO;REELEITO;ABSTENCAO
CEZINHA DE MADUREIRA;PSD;SAO PAULO;GOVERNO;DIREITA;SUDESTE;FEMININO;NOVATO;SIM
CORONEL TADEU;PSL;SAO PAULO;GOVERNO;DIREITA;SUDESTE;MASCULINO;NOVATO;NAO
DAVID SOARES;DEM;SAO PAULO;GOVERNO;DIREITA;SUDESTE;MASCULINO;NOVATO;ABSTENCAO
EDUARDO BOLSONARO;PSL;SAO PAULO;GOVERNO;DIREITA;SUDESTE;MASCULINO;REELEITO;NAO
EDUARDO CURY;PSDB;SAO PAULO;GOVERNO;CENTRO;SUDESTE;MASCULINO;REELEITO;NAO
ENRICO MISASI;PV;SAO PAULO;OPOSI플O;ESQUERDA;SUDESTE;MASCULINO;NOVATO;NAO
FAUSTO PINATO;PP;SAO PAULO;GOVERNO;DIREITA;SUDESTE;MASCULINO;REELEITO;SIM
GENERAL PETERNELLI;PSL;SAO PAULO;GOVERNO;DIREITA;SUDESTE;MASCULINO;NOVATO;NAO
GENINHO ZULIANI;DEM;SAO PAULO;GOVERNO;DIREITA;SUDESTE;MASCULINO;RETORNO;SIM
GILBERTO NASCIMENTO;PSC;SAO PAULO;GOVERNO;DIREITA;SUDESTE;MASCULINO;REELEITO;ABSTENCAO
GUIGA PEIXOTO;PSL;SAO PAULO;GOVERNO;DIREITA;SUDESTE;MASCULINO;NOVATO;NAO
GUILHERME DERRITE;PP;SAO PAULO;GOVERNO;DIREITA;SUDESTE;MASCULINO;NOVATO;NAO
GUILHERME MUSSI;PP;SAO PAULO;GOVERNO;DIREITA;SUDESTE;MASCULINO;REELEITO;SIM
HERCULANO PASSOS;MDB;SAO PAULO;GOVERNO;CENTRO;SUDESTE;MASCULINO;REELEITO;SIM
IVAN VALENTE;PSOL;SAO PAULO;OPOSI플O;ESQUERDA;SUDESTE;MASCULINO;REELEITO;NAO
JOICE HASSELMANN;PSL;SAO PAULO;GOVERNO;DIREITA;SUDESTE;FEMININO;NOVATO;NAO
JUNIOR BOZZELLA;PSL;SAO PAULO;GOVERNO;DIREITA;SUDESTE;MASCULINO;NOVATO;NAO
KIM KATAGUIRI;DEM;SAO PAULO;GOVERNO;DIREITA;SUDESTE;MASCULINO;NOVATO;NAO
LUIZ CARLOS MOTTA;PL;SAO PAULO;GOVERNO;DIREITA;SUDESTE;MASCULINO;NOVATO;SIM
LUIZ FLAVIO GOMES;PSB;SAO PAULO;OPOSI플O;ESQUERDA;SUDESTE;MASCULINO;NOVATO;ABSTENCAO
LUIZ LAURO FILHO;PSDB;SAO PAULO;GOVERNO;CENTRO;SUDESTE;MASCULINO;NOVATO;ABSTENCAO
LUIZ PHILIPPE DE ORLEANS E BRAG;PSL;SAO PAULO;GOVERNO;DIREITA;SUDESTE;MASCULINO;NOVATO;NAO
LUIZA ERUNDINA;PSOL;SAO PAULO;OPOSI플O;ESQUERDA;SUDESTE;FEMININO;REELEITO;NAO
MARCIO ALVINO;PL;SAO PAULO;GOVERNO;DIREITA;SUDESTE;MASCULINO;REELEITO;SIM
MARCO BERTAIOLLI;PSD;SAO PAULO;GOVERNO;DIREITA;SUDESTE;MASCULINO;NOVATO;SIM
MARCOS PEREIRA;Republican;SAO PAULO;GOVERNO;DIREITA;SUDESTE;MASCULINO;NOVATO;SIM
MARIA ROSAS;Republican;SAO PAULO;GOVERNO;DIREITA;SUDESTE;FEMININO;NOVATO;SIM
MIGUEL HADDAD;PSDB;SAO PAULO;GOVERNO;CENTRO;SUDESTE;MASCULINO;REELEITO;NAO
MIGUEL LOMBARDI;PL;SAO PAULO;GOVERNO;DIREITA;SUDESTE;MASCULINO;REELEITO;ABSTENCAO
MILTON VIEIRA;Republican;SAO PAULO;GOVERNO;DIREITA;SUDESTE;MASCULINO;NOVATO;SIM
NILTO TATTO;PT;SAO PAULO;OPOSI플O;ESQUERDA;SUDESTE;MASCULINO;REELEITO;ABSTENCAO
ORLANDO SILVA;PCdoB;SAO PAULO;OPOSI플O;ESQUERDA;SUDESTE;MASCULINO;REELEITO;SIM
PAULO FREIRE COSTA;PL;SAO PAULO;GOVERNO;DIREITA;SUDESTE;MASCULINO;REELEITO;NAO
PAULO PEREIRA DA SILVA;Solidaried;SAO PAULO;GOVERNO;CENTRO;SUDESTE;MASCULINO;REELEITO;SIM
PAULO TEIXEIRA;PT;SAO PAULO;OPOSI플O;ESQUERDA;SUDESTE;MASCULINO;REELEITO;SIM
POLICIAL KATIA SASTRE;PL;SAO PAULO;GOVERNO;DIREITA;SUDESTE;FEMININO;NOVATO;SIM
PR. MARCO FELICIANO;Podemos;SAO PAULO;GOVERNO;DIREITA;SUDESTE;MASCULINO;REELEITO;NAO
RENATA ABREU;Podemos;SAO PAULO;GOVERNO;DIREITA;SUDESTE;FEMININO;REELEITO;NAO
RICARDO IZAR;PP;SAO PAULO;GOVERNO;DIREITA;SUDESTE;MASCULINO;REELEITO;ABSTENCAO
ROBERTO ALVES;Republican;SAO PAULO;GOVERNO;DIREITA;SUDESTE;MASCULINO;REELEITO;SIM
ROBERTO DE LUCENA;Podemos;SAO PAULO;GOVERNO;DIREITA;SUDESTE;MASCULINO;REELEITO;NAO
RODRIGO AGOSTINHO;PSB;SAO PAULO;OPOSI플O;ESQUERDA;SUDESTE;MASCULINO;NOVATO;NAO
ROSANA VALLE;PSB;SAO PAULO;OPOSI플O;ESQUERDA;SUDESTE;FEMININO;NOVATO;NAO
RUI FALCAO;PT;SAO PAULO;OPOSI플O;ESQUERDA;SUDESTE;MASCULINO;NOVATO;SIM
SAMIA BOMFIM;PSOL;SAO PAULO;OPOSI플O;ESQUERDA;SUDESTE;FEMININO;NOVATO;NAO
SAMUEL MOREIRA;PSDB;SAO PAULO;GOVERNO;CENTRO;SUDESTE;MASCULINO;REELEITO;NAO
TABATA AMARAL;PDT;SAO PAULO;OPOSI플O;ESQUERDA;SUDESTE;FEMININO;NOVATO;NAO
TIRIRICA;PL;SAO PAULO;GOVERNO;DIREITA;SUDESTE;MASCULINO;REELEITO;ABSTENCAO
VANDERLEI MACRIS;PSDB;SAO PAULO;GOVERNO;CENTRO;SUDESTE;MASCULINO;REELEITO;NAO
VICENTINHO;PT;SAO PAULO;OPOSI플O;ESQUERDA;SUDESTE;MASCULINO;REELEITO;SIM
VINICIUS CARVALHO;REPUBLICAN;SAO PAULO;GOVERNO;DIREITA;SUDESTE;MASCULINO;REELEITO;ABSTENCAO
VINICIUS POIT;NOVO;SAO PAULO;GOVERNO;DIREITA;SUDESTE;MASCULINO;NOVATO;NAO
VITOR LIPPI;PSDB;SAO PAULO;GOVERNO;CENTRO;SUDESTE;MASCULINO;REELEITO;NAO
BOSCO COSTA;PL;SERGIPE;GOVERNO;DIREITA;NORDESTE;MASCULINO;RETORNO;SIM
FABIO HENRIQUE;PDT;SERGIPE;OPOSI플O;ESQUERDA;NORDESTE;MASCULINO;NOVATO;SIM
FABIO MITIDIERI;PSD;SERGIPE;GOVERNO;DIREITA;NORDESTE;MASCULINO;REELEITO;SIM
FABIO REIS;MDB;SERGIPE;GOVERNO;CENTRO;NORDESTE;MASCULINO;REELEITO;SIM
GUSTINHO RIBEIRO;Solidaried;SERGIPE;GOVERNO;CENTRO;NORDESTE;MASCULINO;NOVATO;SIM
JOAO DANIEL;PT;SERGIPE;OPOSI플O;ESQUERDA;NORDESTE;MASCULINO;REELEITO;SIM
LAERCIO OLIVEIRA;PP;SERGIPE;GOVERNO;DIREITA;NORDESTE;MASCULINO;REELEITO;SIM
VALDEVAN NOVENTA;PSC;SERGIPE;GOVERNO;DIREITA;NORDESTE;MASCULINO;NOVATO;SIM
CARLOS HENRIQUE GAGUIM;DEM;TOCANTINS;GOVERNO;DIREITA;NORTE;MASCULINO;REELEITO;SIM
CELIO MOURA;PT;TOCANTINS;OPOSI플O;ESQUERDA;NORTE;MASCULINO;NOVATO;SIM
DULCE MIRANDA;MDB;TOCANTINS;GOVERNO;CENTRO;NORTE;FEMININO;REELEITO;SIM
ELI BORGES;Solidaried;TOCANTINS;GOVERNO;CENTRO;NORTE;MASCULINO;NOVATO;SIM
OSIRES DAMASO;PSC;TOCANTINS;GOVERNO;DIREITA;NORTE;MASCULINO;NOVATO;SIM
PROFESSORA DORINHA SEABRA REZEN;DEM;TOCANTINS;GOVERNO;DIREITA;NORTE;FEMININO;REELEITO;SIM
TIAGO DIMAS;Solidaried;TOCANTINS;GOVERNO;CENTRO;NORTE;MASCULINO;NOVATO;SIM
VICENTINHO JUNIOR;PL;TOCANTINS;GOVERNO;DIREITA;NORTE;MASCULINO;REELEITO;SIM
